Timestamp,Serial,OrgId,PerfScore,MemoryUsagePercent,UsedMemoryMb,FreeMemoryMb,TotalMemoryMb
2026-08-27 09:47:13,Q2YN-W3AD-VSTA,1295208,70.5,23,1.74,5.3,7.04
2026-08-27 09:47:53,Q2YN-W3AD-VSTA,1295208,67.35,23,1.74,5.3,7.04
2026-08-27 09:55:08,Q2YN-W3AD-VSTA,1295208,64.2,23,1.74,5.3,7.04
2026-08-27 11:19:57,Q2YN-W3AD-VSTA,1295208,66,2,23,1,74,7,04
2026-08-27 11:20:58,Q2YN-W3AD-VSTA,1295208,66,2,23,1,74,7,04
2026-08-27 11:21:59,Q2YN-W3AD-VSTA,1295208,66,2,23,1,74,7,04
2026-08-27 11:23:01,Q2YN-W3AD-VSTA,1295208,66,2,23,1,74,7,04
2026-08-27 11:24:02,Q2YN-W3AD-VSTA,1295208,66,2,23,1,74,7,04
2026-08-27 11:25:04,Q2YN-W3AD-VSTA,1295208,66,2,23,1,74,7,04
2026-08-27 11:26:05,Q2YN-W3AD-VSTA,1295208,66,2,23,1,74,7,04
2026-08-27 11:27:07,Q2YN-W3AD-VSTA,1295208,66,2,23,1,74,7,04
2026-08-27 11:28:09,Q2YN-W3AD-VSTA,1295208,64,2,23,1,74,7,04
2026-08-27 11:29:10,Q2YN-W3AD-VSTA,1295208,64,2,23,1,74,7,04
2026-08-27 11:30:11,Q2YN-W3AD-VSTA,1295208,64,2,23,1,74,7,04
2026-08-27 11:31:13,Q2YN-W3AD-VSTA,1295208,64,2,23,1,74,7,04
2026-08-27 11:32:14,Q2YN-W3AD-VSTA,1295208,64,2,23,1,74,7,04
2026-08-27 11:33:16,Q2YN-W3AD-VSTA,1295208,62,2,23,1,74,7,04
2026-08-27 11:34:18,Q2YN-W3AD-VSTA,1295208,62,2,23,1,74,7,04
2026-08-27 11:35:19,Q2YN-W3AD-VSTA,1295208,62,2,23,1,74,7,04
2026-08-27 11:36:21,Q2YN-W3AD-VSTA,1295208,62,2,23,1,74,7,04
2026-08-27 11:37:22,Q2YN-W3AD-VSTA,1295208,62,2,23,1,74,7,04
2026-08-27 11:38:24,Q2YN-W3AD-VSTA,1295208,62,2,23,1,73,7,04
2026-08-27 11:39:25,Q2YN-W3AD-VSTA,1295208,62,2,23,1,73,7,04
2026-08-27 11:40:27,Q2YN-W3AD-VSTA,1295208,62,2,23,1,73,7,04
2026-08-27 11:41:28,Q2YN-W3AD-VSTA,1295208,62,2,23,1,73,7,04
2026-08-27 11:42:30,Q2YN-W3AD-VSTA,1295208,62,2,23,1,73,7,04
2026-08-27 11:43:31,Q2YN-W3AD-VSTA,1295208,62,2,23,1,73,7,04
2026-08-27 11:44:33,Q2YN-W3AD-VSTA,1295208,62,2,23,1,73,7,04
2026-08-27 11:45:34,Q2YN-W3AD-VSTA,1295208,62,2,23,1,73,7,04
2026-08-27 11:46:35,Q2YN-W3AD-VSTA,1295208,62,2,23,1,73,7,04
2026-08-27 11:47:37,Q2YN-W3AD-VSTA,1295208,63,9,23,1,73,7,04
2026-08-27 11:48:38,Q2YN-W3AD-VSTA,1295208,63,9,23,1,73,7,04
2026-08-27 11:49:39,Q2YN-W3AD-VSTA,1295208,63,9,23,1,73,7,04
2026-08-27 11:50:41,Q2YN-W3AD-VSTA,1295208,63,9,23,1,73,7,04
2026-08-27 11:51:42,Q2YN-W3AD-VSTA,1295208,63,9,23,1,73,7,04
2026-08-27 11:52:44,Q2YN-W3AD-VSTA,1295208,65,6,23,1,73,7,04
2026-08-27 11:53:45,Q2YN-W3AD-VSTA,1295208,65,6,23,1,73,7,04
2026-08-27 11:54:47,Q2YN-W3AD-VSTA,1295208,65,6,23,1,73,7,04
2026-08-27 11:55:48,Q2YN-W3AD-VSTA,1295208,65,6,23,1,73,7,04
2026-08-27 11:56:49,Q2YN-W3AD-VSTA,1295208,65,6,23,1,73,7,04
2026-08-27 11:57:51,Q2YN-W3AD-VSTA,1295208,65,6,23,1,73,7,04
2026-08-27 11:58:52,Q2YN-W3AD-VSTA,1295208,65,6,23,1,73,7,04
2026-08-27 11:59:54,Q2YN-W3AD-VSTA,1295208,65,6,23,1,73,7,04
2026-08-27 12:33:45,Q2YN-W3AD-VSTA,1295208,63,9,23,1,74,7,04
2026-08-27 12:34:47,Q2YN-W3AD-VSTA,1295208,63,9,23,1,74,7,04
2026-08-27 12:35:49,Q2YN-W3AD-VSTA,1295208,63,9,23,1,74,7,04
2026-08-27 12:36:50,Q2YN-W3AD-VSTA,1295208,63,9,23,1,73,7,04
2026-08-27 12:37:52,Q2YN-W3AD-VSTA,1295208,63,9,23,1,73,7,04
2026-08-27 12:38:53,Q2YN-W3AD-VSTA,1295208,63,9,23,1,73,7,04
2026-08-27 12:39:55,Q2YN-W3AD-VSTA,1295208,63,9,23,1,73,7,04
2026-08-27 12:41:06,Q2YN-W3AD-VSTA,1295208,63,9,23,1,73,7,04
2026-08-27 13:45:48,Q2YN-W3AD-VSTA,1295208,71,9,23,1,73,7,04
2026-08-27 13:46:49,Q2YN-W3AD-VSTA,1295208,71,9,23,1,73,7,04
2026-08-27 13:47:51,Q2YN-W3AD-VSTA,1295208,73,9,23,1,73,7,04
2026-08-27 13:48:53,Q2YN-W3AD-VSTA,1295208,73,9,23,1,73,7,04
2026-08-27 13:49:55,Q2YN-W3AD-VSTA,1295208,73,9,23,1,73,7,04
2026-08-27 13:50:59,Q2YN-W3AD-VSTA,1295208,73,9,23,1,73,7,04
2026-08-27 13:52:02,Q2YN-W3AD-VSTA,1295208,73,9,23,1,73,7,04
2026-08-27 13:52:31,Q2YN-W3AD-VSTA,1295208,75,9,23,1,73,7,04
2026-08-27 13:53:32,Q2YN-W3AD-VSTA,1295208,75,9,23,1,73,7,04
2026-08-27 13:54:34,Q2YN-W3AD-VSTA,1295208,75,9,23,1,73,7,04
2026-08-27 13:55:35,Q2YN-W3AD-VSTA,1295208,75,9,23,1,73,7,04
2026-08-27 13:56:36,Q2YN-W3AD-VSTA,1295208,75,9,23,1,73,7,04
2026-08-27 13:57:38,Q2YN-W3AD-VSTA,1295208,75,9,23,1,73,7,04
2026-08-27 13:58:39,Q2YN-W3AD-VSTA,1295208,75,9,23,1,73,7,04
2026-08-27 13:59:46,Q2YN-W3AD-VSTA,1295208,75,9,23,1,73,7,04
2026-08-27 14:00:47,Q2YN-W3AD-VSTA,1295208,75,9,23,1,73,7,04
2026-08-27 14:01:49,Q2YN-W3AD-VSTA,1295208,75,9,23,1,73,7,04
2026-08-27 14:02:50,Q2YN-W3AD-VSTA,1295208,75,9,23,1,73,7,04
2026-08-27 14:03:52,Q2YN-W3AD-VSTA,1295208,75,9,23,1,73,7,04
2026-08-27 14:04:53,Q2YN-W3AD-VSTA,1295208,75,9,23,1,73,7,04
2026-08-27 14:05:54,Q2YN-W3AD-VSTA,1295208,75,9,23,1,73,7,04
2026-08-27 14:06:56,Q2YN-W3AD-VSTA,1295208,75,9,23,1,73,7,04
2026-08-27 14:07:57,Q2YN-W3AD-VSTA,1295208,74,35,23,1,73,7,04
2026-08-27 14:08:58,Q2YN-W3AD-VSTA,1295208,74,35,23,1,73,7,04
2026-08-27 14:10:00,Q2YN-W3AD-VSTA,1295208,74,35,23,1,73,7,04
2026-08-27 14:11:01,Q2YN-W3AD-VSTA,1295208,74,35,23,1,73,7,04
2026-08-27 14:12:03,Q2YN-W3AD-VSTA,1295208,74,35,23,1,73,7,04
2026-08-27 14:13:04,Q2YN-W3AD-VSTA,1295208,72,8,23,1,73,7,04
2026-08-27 14:14:05,Q2YN-W3AD-VSTA,1295208,72,8,23,1,73,7,04
2026-08-27 14:15:07,Q2YN-W3AD-VSTA,1295208,72,8,23,1,73,7,04
2026-08-27 14:16:08,Q2YN-W3AD-VSTA,1295208,72,8,23,1,73,7,04
2026-08-27 14:17:42,Q2YN-W3AD-VSTA,1295208,72,8,23,1,73,7,04
2026-08-27 14:18:43,Q2YN-W3AD-VSTA,1295208,72,8,23,1,73,7,04
2026-08-27 14:19:45,Q2YN-W3AD-VSTA,1295208,72,8,23,1,73,7,04
2026-08-27 14:20:46,Q2YN-W3AD-VSTA,1295208,72,8,23,1,73,7,04
2026-08-27 14:21:48,Q2YN-W3AD-VSTA,1295208,72,8,23,1,73,7,04
2026-08-27 14:22:50,Q2YN-W3AD-VSTA,1295208,72,8,23,1,73,7,04
2026-08-27 14:23:52,Q2YN-W3AD-VSTA,1295208,72,8,23,1,73,7,04
2026-08-27 14:24:53,Q2YN-W3AD-VSTA,1295208,72,8,23,1,73,7,04
2026-08-27 14:25:55,Q2YN-W3AD-VSTA,1295208,72,8,23,1,73,7,04
2026-08-27 14:26:57,Q2YN-W3AD-VSTA,1295208,72,8,23,1,73,7,04
2026-08-27 14:27:59,Q2YN-W3AD-VSTA,1295208,67,3,23,1,73,7,04
2026-08-27 14:29:00,Q2YN-W3AD-VSTA,1295208,67,3,23,1,73,7,04
2026-08-27 14:30:02,Q2YN-W3AD-VSTA,1295208,67,3,23,1,73,7,04
2026-08-27 14:31:03,Q2YN-W3AD-VSTA,1295208,67,3,23,1,73,7,04
2026-08-27 14:32:05,Q2YN-W3AD-VSTA,1295208,67,3,23,1,73,7,04
2026-08-27 14:33:06,Q2YN-W3AD-VSTA,1295208,61,8,23,1,73,7,04
2026-08-27 14:34:08,Q2YN-W3AD-VSTA,1295208,61,8,23,1,73,7,04
2026-08-27 14:35:09,Q2YN-W3AD-VSTA,1295208,61,8,23,1,73,7,04
2026-08-27 14:36:10,Q2YN-W3AD-VSTA,1295208,61,8,23,1,73,7,04
2026-08-27 14:37:12,Q2YN-W3AD-VSTA,1295208,61,8,23,1,72,7,04
2026-08-27 14:38:13,Q2YN-W3AD-VSTA,1295208,61,8,23,1,72,7,04
2026-08-27 14:39:15,Q2YN-W3AD-VSTA,1295208,61,8,23,1,72,7,04
2026-08-27 14:40:16,Q2YN-W3AD-VSTA,1295208,61,8,23,1,72,7,04
2026-08-27 14:41:17,Q2YN-W3AD-VSTA,1295208,61,8,23,1,72,7,04
2026-08-27 14:42:19,Q2YN-W3AD-VSTA,1295208,61,8,23,1,72,7,04
2026-08-27 14:43:20,Q2YN-W3AD-VSTA,1295208,61,8,23,1,72,7,04
2026-08-27 14:44:22,Q2YN-W3AD-VSTA,1295208,61,8,23,1,72,7,04
2026-08-27 14:45:23,Q2YN-W3AD-VSTA,1295208,61,8,23,1,72,7,04
2026-08-27 14:46:24,Q2YN-W3AD-VSTA,1295208,61,8,23,1,72,7,04
2026-08-27 14:47:26,Q2YN-W3AD-VSTA,1295208,62,55,23,1,72,7,04
2026-08-27 14:48:27,Q2YN-W3AD-VSTA,1295208,62,55,23,1,72,7,04
2026-08-27 14:49:29,Q2YN-W3AD-VSTA,1295208,62,55,23,1,72,7,04
2026-08-27 14:50:30,Q2YN-W3AD-VSTA,1295208,62,55,23,1,72,7,04
2026-08-27 14:51:31,Q2YN-W3AD-VSTA,1295208,62,55,23,1,72,7,04
2026-08-27 14:52:33,Q2YN-W3AD-VSTA,1295208,63,3,23,1,72,7,04
2026-08-27 15:07:55,Q2YN-W3AD-VSTA,1295208,63,0,23,1,72,7,04
2026-08-27 15:08:56,Q2YN-W3AD-VSTA,1295208,63,0,23,1,72,7,04
2026-08-27 15:09:57,Q2YN-W3AD-VSTA,1295208,63,0,23,1,72,7,04
2026-08-27 15:10:59,Q2YN-W3AD-VSTA,1295208,63,0,23,1,72,7,04
2026-08-27 15:12:00,Q2YN-W3AD-VSTA,1295208,63,0,23,1,72,7,04
2026-08-27 15:13:01,Q2YN-W3AD-VSTA,1295208,62,7,23,1,72,7,04
2026-08-27 15:14:03,Q2YN-W3AD-VSTA,1295208,62,7,23,1,72,7,04
2026-08-27 15:15:04,Q2YN-W3AD-VSTA,1295208,62,7,23,1,72,7,04
2026-08-27 15:16:06,Q2YN-W3AD-VSTA,1295208,62,7,23,1,72,7,04
2026-08-27 15:17:07,Q2YN-W3AD-VSTA,1295208,62,7,23,1,72,7,04
2026-08-27 15:18:08,Q2YN-W3AD-VSTA,1295208,62,7,23,1,72,7,04
2026-08-27 15:19:10,Q2YN-W3AD-VSTA,1295208,62,7,23,1,72,7,04
2026-08-27 15:20:11,Q2YN-W3AD-VSTA,1295208,62,7,23,1,71,7,04
2026-08-27 15:21:13,Q2YN-W3AD-VSTA,1295208,62,7,23,1,71,7,04
2026-08-27 15:22:14,Q2YN-W3AD-VSTA,1295208,62,7,23,1,71,7,04
2026-08-27 15:23:15,Q2YN-W3AD-VSTA,1295208,62,7,23,1,71,7,04
2026-08-27 15:24:17,Q2YN-W3AD-VSTA,1295208,62,7,23,1,71,7,04
2026-08-27 15:25:18,Q2YN-W3AD-VSTA,1295208,62,7,23,1,71,7,04
2026-08-27 15:26:20,Q2YN-W3AD-VSTA,1295208,62,7,23,1,71,7,04
2026-08-27 15:27:21,Q2YN-W3AD-VSTA,1295208,62,5,23,1,71,7,04
2026-08-27 15:28:22,Q2YN-W3AD-VSTA,1295208,62,5,23,1,71,7,04
2026-08-27 15:29:24,Q2YN-W3AD-VSTA,1295208,62,5,23,1,71,7,04
2026-08-27 15:30:25,Q2YN-W3AD-VSTA,1295208,62,5,23,1,71,7,04
2026-08-27 15:31:26,Q2YN-W3AD-VSTA,1295208,62,5,23,1,71,7,04
2026-08-27 15:32:28,Q2YN-W3AD-VSTA,1295208,62,3,23,1,71,7,04
2026-08-27 15:33:29,Q2YN-W3AD-VSTA,1295208,62,3,23,1,71,7,04
2026-08-27 15:34:31,Q2YN-W3AD-VSTA,1295208,62,3,23,1,71,7,04
2026-08-27 15:35:32,Q2YN-W3AD-VSTA,1295208,62,3,23,1,71,7,04
2026-08-27 15:36:33,Q2YN-W3AD-VSTA,1295208,62,3,23,1,71,7,04
2026-08-27 15:37:35,Q2YN-W3AD-VSTA,1295208,62,3,23,1,71,7,04
2026-08-27 15:38:36,Q2YN-W3AD-VSTA,1295208,62,3,23,1,71,7,04
2026-08-27 15:39:38,Q2YN-W3AD-VSTA,1295208,62,3,23,1,71,7,04
2026-08-27 15:40:39,Q2YN-W3AD-VSTA,1295208,62,3,23,1,71,7,04
2026-08-27 15:41:41,Q2YN-W3AD-VSTA,1295208,62,3,23,1,71,7,04
2026-08-27 15:42:42,Q2YN-W3AD-VSTA,1295208,62,3,23,1,71,7,04
2026-08-27 15:43:43,Q2YN-W3AD-VSTA,1295208,62,3,23,1,71,7,04
2026-08-27 15:44:44,Q2YN-W3AD-VSTA,1295208,62,3,23,1,71,7,04
2026-08-27 15:45:46,Q2YN-W3AD-VSTA,1295208,62,3,23,1,71,7,04
2026-08-27 15:46:47,Q2YN-W3AD-VSTA,1295208,62,3,23,1,71,7,04
2026-08-27 15:47:49,Q2YN-W3AD-VSTA,1295208,62,2,23,1,71,7,04
2026-08-27 15:48:51,Q2YN-W3AD-VSTA,1295208,62,2,23,1,71,7,04
2026-08-27 15:49:52,Q2YN-W3AD-VSTA,1295208,62,2,23,1,71,7,04
2026-08-27 15:50:53,Q2YN-W3AD-VSTA,1295208,62,2,23,1,71,7,04
2026-08-27 15:51:55,Q2YN-W3AD-VSTA,1295208,62,2,23,1,71,7,04
2026-08-27 15:52:56,Q2YN-W3AD-VSTA,1295208,62,1,23,1,71,7,04
2026-08-27 15:54:23,Q2YN-W3AD-VSTA,1295208,62,1,23,1,71,7,04
2026-08-27 15:54:48,Q2YN-W3AD-VSTA,1295208,62,1,23,1,71,7,04
2026-08-27 15:55:50,Q2YN-W3AD-VSTA,1295208,62,1,23,1,71,7,04
2026-08-27 15:56:51,Q2YN-W3AD-VSTA,1295208,62,1,23,1,71,7,04
2026-08-27 15:57:53,Q2YN-W3AD-VSTA,1295208,62,1,23,1,71,7,04
2026-08-27 15:58:54,Q2YN-W3AD-VSTA,1295208,62,1,23,1,71,7,04
2026-08-27 15:59:55,Q2YN-W3AD-VSTA,1295208,62,1,23,1,71,7,04
2026-08-27 16:00:57,Q2YN-W3AD-VSTA,1295208,62,1,23,1,71,7,04
2026-08-27 16:01:58,Q2YN-W3AD-VSTA,1295208,62,1,23,1,71,7,04
2026-08-27 16:03:00,Q2YN-W3AD-VSTA,1295208,62,1,23,1,71,7,04
2026-08-27 16:04:01,Q2YN-W3AD-VSTA,1295208,62,1,23,1,71,7,04
2026-08-27 16:05:02,Q2YN-W3AD-VSTA,1295208,62,1,23,1,71,7,04
2026-08-27 16:06:04,Q2YN-W3AD-VSTA,1295208,62,1,23,1,71,7,04
2026-08-27 16:07:05,Q2YN-W3AD-VSTA,1295208,62,1,23,1,71,7,04
2026-08-27 16:08:07,Q2YN-W3AD-VSTA,1295208,59,85,23,1,71,7,04
2026-08-27 16:09:08,Q2YN-W3AD-VSTA,1295208,59,85,23,1,71,7,04
2026-08-27 16:10:10,Q2YN-W3AD-VSTA,1295208,59,85,23,1,71,7,04
2026-08-27 16:11:11,Q2YN-W3AD-VSTA,1295208,59,85,23,1,71,7,04
2026-08-27 16:12:12,Q2YN-W3AD-VSTA,1295208,59,85,23,1,71,7,04
2026-08-27 16:13:14,Q2YN-W3AD-VSTA,1295208,57,6,23,1,71,7,04
2026-08-27 16:14:15,Q2YN-W3AD-VSTA,1295208,57,6,23,1,71,7,04
2026-08-27 16:15:16,Q2YN-W3AD-VSTA,1295208,57,6,23,1,71,7,04
2026-08-27 16:16:18,Q2YN-W3AD-VSTA,1295208,57,6,23,1,71,7,04
2026-08-27 16:17:19,Q2YN-W3AD-VSTA,1295208,57,6,23,1,71,7,04
2026-08-27 16:18:21,Q2YN-W3AD-VSTA,1295208,57,6,23,1,71,7,04
2026-08-27 16:19:22,Q2YN-W3AD-VSTA,1295208,57,6,23,1,7,7,04
2026-08-27 16:20:24,Q2YN-W3AD-VSTA,1295208,57,6,23,1,7,7,04
2026-08-27 16:21:25,Q2YN-W3AD-VSTA,1295208,57,6,23,1,7,7,04
2026-08-27 16:22:26,Q2YN-W3AD-VSTA,1295208,57,6,23,1,7,7,04
2026-08-27 16:23:28,Q2YN-W3AD-VSTA,1295208,57,6,23,1,7,7,04
2026-08-27 16:24:29,Q2YN-W3AD-VSTA,1295208,57,6,23,1,7,7,04
2026-08-27 16:25:31,Q2YN-W3AD-VSTA,1295208,57,6,23,1,7,7,04
2026-08-27 16:26:32,Q2YN-W3AD-VSTA,1295208,57,6,23,1,7,7,04
2026-08-27 16:27:35,Q2YN-W3AD-VSTA,1295208,56,2,23,1,7,7,04
2026-08-27 16:28:36,Q2YN-W3AD-VSTA,1295208,56,2,23,1,7,7,04
2026-08-27 16:29:38,Q2YN-W3AD-VSTA,1295208,56,2,23,1,7,7,04
2026-08-27 16:30:39,Q2YN-W3AD-VSTA,1295208,56,2,23,1,7,7,04
2026-08-27 16:31:40,Q2YN-W3AD-VSTA,1295208,56,2,23,1,7,7,04
2026-08-27 16:32:42,Q2YN-W3AD-VSTA,1295208,54,8,23,1,7,7,04
2026-08-27 16:33:43,Q2YN-W3AD-VSTA,1295208,54,8,23,1,7,7,04
2026-08-27 16:34:45,Q2YN-W3AD-VSTA,1295208,54,8,23,1,7,7,04
2026-08-27 16:35:46,Q2YN-W3AD-VSTA,1295208,54,8,23,1,7,7,04
2026-08-27 16:36:47,Q2YN-W3AD-VSTA,1295208,54,8,23,1,7,7,04
2026-08-27 16:37:49,Q2YN-W3AD-VSTA,1295208,54,8,23,1,7,7,04
2026-08-27 16:38:50,Q2YN-W3AD-VSTA,1295208,54,8,23,1,7,7,04
2026-08-27 16:39:52,Q2YN-W3AD-VSTA,1295208,54,8,23,1,7,7,04
2026-08-27 16:40:53,Q2YN-W3AD-VSTA,1295208,54,8,23,1,7,7,04
2026-08-27 16:41:55,Q2YN-W3AD-VSTA,1295208,54,8,23,1,7,7,04
2026-08-27 16:42:56,Q2YN-W3AD-VSTA,1295208,54,8,23,1,7,7,04
2026-08-27 16:43:57,Q2YN-W3AD-VSTA,1295208,54,8,23,1,7,7,04
2026-08-27 16:44:59,Q2YN-W3AD-VSTA,1295208,54,8,23,1,7,7,04
2026-08-27 16:46:01,Q2YN-W3AD-VSTA,1295208,54,8,23,1,7,7,04
2026-08-27 16:47:03,Q2YN-W3AD-VSTA,1295208,54,8,23,1,69,7,04
2026-08-27 16:48:04,Q2YN-W3AD-VSTA,1295208,54,5,23,1,69,7,04
2026-08-27 16:49:06,Q2YN-W3AD-VSTA,1295208,54,5,23,1,69,7,04
2026-08-27 16:50:08,Q2YN-W3AD-VSTA,1295208,54,5,23,1,69,7,04
2026-08-27 16:51:09,Q2YN-W3AD-VSTA,1295208,54,5,23,1,69,7,04
2026-08-27 16:52:11,Q2YN-W3AD-VSTA,1295208,54,5,23,1,69,7,04
2026-08-27 16:53:12,Q2YN-W3AD-VSTA,1295208,54,2,23,1,69,7,04
2026-08-27 16:54:13,Q2YN-W3AD-VSTA,1295208,54,2,23,1,7,7,04
2026-08-27 16:55:15,Q2YN-W3AD-VSTA,1295208,54,2,23,1,7,7,04
2026-08-27 16:56:16,Q2YN-W3AD-VSTA,1295208,54,2,23,1,7,7,04
2026-08-27 16:57:18,Q2YN-W3AD-VSTA,1295208,54,2,23,1,7,7,04
2026-08-27 16:58:19,Q2YN-W3AD-VSTA,1295208,54,2,23,1,7,7,04
2026-08-27 16:59:21,Q2YN-W3AD-VSTA,1295208,54,2,23,1,7,7,04
2026-08-27 17:00:22,Q2YN-W3AD-VSTA,1295208,54,2,23,1,7,7,04
2026-08-27 17:01:23,Q2YN-W3AD-VSTA,1295208,54,2,23,1,7,7,04
2026-08-27 17:02:25,Q2YN-W3AD-VSTA,1295208,54,2,23,1,7,7,04
2026-08-27 17:03:26,Q2YN-W3AD-VSTA,1295208,54,2,23,1,7,7,04
2026-08-27 17:04:27,Q2YN-W3AD-VSTA,1295208,54,2,23,1,7,7,04
2026-08-27 17:05:29,Q2YN-W3AD-VSTA,1295208,54,2,23,1,7,7,04
2026-08-27 17:06:30,Q2YN-W3AD-VSTA,1295208,54,2,23,1,7,7,04
2026-08-27 17:07:31,Q2YN-W3AD-VSTA,1295208,54,35,23,1,7,7,04
2026-08-27 17:08:33,Q2YN-W3AD-VSTA,1295208,54,35,23,1,69,7,04
2026-08-27 17:09:34,Q2YN-W3AD-VSTA,1295208,54,35,23,1,69,7,04
2026-08-27 17:10:35,Q2YN-W3AD-VSTA,1295208,54,35,23,1,69,7,04
2026-08-27 17:11:37,Q2YN-W3AD-VSTA,1295208,54,35,23,1,69,7,04
2026-08-27 17:12:38,Q2YN-W3AD-VSTA,1295208,54,5,23,1,69,7,04
2026-08-27 17:13:39,Q2YN-W3AD-VSTA,1295208,54,5,23,1,69,7,04
2026-08-27 17:14:41,Q2YN-W3AD-VSTA,1295208,54,5,23,1,69,7,04
2026-08-27 17:15:42,Q2YN-W3AD-VSTA,1295208,54,5,23,1,7,7,04
2026-08-27 17:16:43,Q2YN-W3AD-VSTA,1295208,54,5,23,1,7,7,04
2026-08-27 17:17:46,Q2YN-W3AD-VSTA,1295208,54,5,23,1,7,7,04
2026-08-27 17:18:47,Q2YN-W3AD-VSTA,1295208,54,5,23,1,7,7,04
2026-08-27 17:19:49,Q2YN-W3AD-VSTA,1295208,54,5,23,1,7,7,04
2026-08-27 17:20:50,Q2YN-W3AD-VSTA,1295208,54,5,23,1,7,7,04
2026-08-27 17:21:51,Q2YN-W3AD-VSTA,1295208,54,5,23,1,7,7,04
2026-08-27 17:22:53,Q2YN-W3AD-VSTA,1295208,54,5,23,1,7,7,04
2026-08-27 17:23:54,Q2YN-W3AD-VSTA,1295208,54,5,23,1,7,7,04
2026-08-27 17:24:55,Q2YN-W3AD-VSTA,1295208,54,5,23,1,7,7,04
2026-08-27 17:25:57,Q2YN-W3AD-VSTA,1295208,54,5,23,1,7,7,04
2026-08-27 17:26:58,Q2YN-W3AD-VSTA,1295208,54,5,23,1,7,7,04
2026-08-27 17:27:59,Q2YN-W3AD-VSTA,1295208,54,3,23,1,7,7,04
2026-08-27 17:29:00,Q2YN-W3AD-VSTA,1295208,54,3,23,1,7,7,04
2026-08-27 17:30:01,Q2YN-W3AD-VSTA,1295208,54,3,23,1,7,7,04
2026-08-27 17:31:03,Q2YN-W3AD-VSTA,1295208,54,3,23,1,7,7,04
2026-08-27 17:32:04,Q2YN-W3AD-VSTA,1295208,54,3,23,1,7,7,04
2026-08-27 17:33:05,Q2YN-W3AD-VSTA,1295208,54,1,23,1,7,7,04
2026-08-27 17:34:07,Q2YN-W3AD-VSTA,1295208,54,1,23,1,7,7,04
2026-08-27 17:35:08,Q2YN-W3AD-VSTA,1295208,54,1,23,1,7,7,04
2026-08-27 17:36:09,Q2YN-W3AD-VSTA,1295208,54,1,23,1,7,7,04
2026-08-27 17:37:11,Q2YN-W3AD-VSTA,1295208,54,1,23,1,7,7,04
2026-08-27 17:38:12,Q2YN-W3AD-VSTA,1295208,54,1,23,1,7,7,04
2026-08-27 17:39:13,Q2YN-W3AD-VSTA,1295208,54,1,23,1,7,7,04
2026-08-27 17:40:15,Q2YN-W3AD-VSTA,1295208,54,1,23,1,7,7,04
2026-08-27 17:41:16,Q2YN-W3AD-VSTA,1295208,54,1,23,1,7,7,04
2026-08-27 17:42:18,Q2YN-W3AD-VSTA,1295208,54,1,23,1,7,7,04
2026-08-27 17:43:19,Q2YN-W3AD-VSTA,1295208,54,1,23,1,7,7,04
2026-08-27 17:44:21,Q2YN-W3AD-VSTA,1295208,54,1,23,1,7,7,04
2026-08-27 17:45:22,Q2YN-W3AD-VSTA,1295208,54,1,23,1,7,7,04
2026-08-27 17:46:24,Q2YN-W3AD-VSTA,1295208,54,1,23,1,7,7,04
2026-08-27 17:49:03,Q2YN-XY6D-FUA3,706502191543753595,36,65,31,2,32,7,01
2026-08-28 10:18:07,Q2YN-XY6D-FUA3,706502191543753595,45,8,32,2,39,7,01
2026-08-28 10:19:08,Q2YN-XY6D-FUA3,706502191543753595,45,8,32,2,39,7,01
2026-08-28 10:20:08,Q2YN-XY6D-FUA3,706502191543753595,45,8,32,2,39,7,01
2026-08-28 10:20:44,Q2YN-W3AD-VSTA,1295208,63,4,23,1,72,7,04
2026-08-28 10:21:46,Q2YN-W3AD-VSTA,1295208,63,4,23,1,72,7,04
2026-08-28 10:22:48,Q2YN-W3AD-VSTA,1295208,63,4,23,1,72,7,04
2026-08-28 10:23:49,Q2YN-W3AD-VSTA,1295208,63,4,23,1,72,7,04
2026-08-28 10:24:51,Q2YN-W3AD-VSTA,1295208,63,4,23,1,72,7,04
2026-08-28 10:25:53,Q2YN-W3AD-VSTA,1295208,63,4,23,1,72,7,04
2026-08-28 10:26:55,Q2YN-W3AD-VSTA,1295208,63,4,23,1,72,7,04
2026-08-28 10:27:56,Q2YN-W3AD-VSTA,1295208,64,0,23,1,72,7,04
2026-08-28 10:28:58,Q2YN-W3AD-VSTA,1295208,64,0,23,1,72,7,04
2026-08-28 10:29:59,Q2YN-W3AD-VSTA,1295208,64,0,23,1,72,7,04
2026-08-28 10:31:03,Q2YN-W3AD-VSTA,1295208,64,0,23,1,72,7,04
2026-08-28 10:32:04,Q2YN-W3AD-VSTA,1295208,64,0,23,1,72,7,04
2026-08-28 10:33:06,Q2YN-W3AD-VSTA,1295208,64,6,23,1,72,7,04
2026-08-28 10:34:07,Q2YN-W3AD-VSTA,1295208,64,6,23,1,73,7,04
2026-08-28 10:35:09,Q2YN-W3AD-VSTA,1295208,64,6,23,1,73,7,04
2026-08-28 10:36:10,Q2YN-W3AD-VSTA,1295208,64,6,23,1,73,7,04
2026-08-28 10:37:11,Q2YN-W3AD-VSTA,1295208,64,6,23,1,73,7,04
2026-08-28 10:38:12,Q2YN-W3AD-VSTA,1295208,64,6,23,1,73,7,04
2026-08-28 10:39:14,Q2YN-W3AD-VSTA,1295208,64,6,23,1,73,7,04
2026-08-28 10:40:15,Q2YN-W3AD-VSTA,1295208,64,6,23,1,73,7,04
2026-08-28 10:41:16,Q2YN-W3AD-VSTA,1295208,64,6,23,1,73,7,04
2026-08-28 10:42:18,Q2YN-W3AD-VSTA,1295208,64,6,23,1,73,7,04
2026-08-28 10:43:19,Q2YN-W3AD-VSTA,1295208,64,6,23,1,73,7,04
2026-08-28 10:44:21,Q2YN-W3AD-VSTA,1295208,64,6,23,1,73,7,04
2026-08-28 10:45:22,Q2YN-W3AD-VSTA,1295208,64,6,23,1,73,7,04
2026-08-28 10:46:23,Q2YN-W3AD-VSTA,1295208,64,6,23,1,73,7,04
2026-08-28 10:47:25,Q2YN-W3AD-VSTA,1295208,67,9,23,1,73,7,04
2026-08-28 10:48:26,Q2YN-W3AD-VSTA,1295208,67,9,23,1,73,7,04
2026-08-28 10:49:28,Q2YN-W3AD-VSTA,1295208,67,9,23,1,73,7,04
2026-08-28 10:50:29,Q2YN-W3AD-VSTA,1295208,67,9,23,1,73,7,04
2026-08-28 10:51:31,Q2YN-W3AD-VSTA,1295208,67,9,23,1,73,7,04
2026-08-28 10:52:32,Q2YN-W3AD-VSTA,1295208,71,2,23,1,73,7,04
2026-08-28 10:53:33,Q2YN-W3AD-VSTA,1295208,71,2,23,1,73,7,04
2026-08-28 10:54:34,Q2YN-W3AD-VSTA,1295208,71,2,23,1,73,7,04
2026-08-28 10:55:36,Q2YN-W3AD-VSTA,1295208,71,2,23,1,73,7,04
2026-08-28 10:56:37,Q2YN-W3AD-VSTA,1295208,71,2,23,1,73,7,04
2026-08-28 10:57:38,Q2YN-W3AD-VSTA,1295208,71,2,23,1,73,7,04
2026-08-28 10:58:40,Q2YN-W3AD-VSTA,1295208,71,2,23,1,73,7,04
2026-08-28 10:59:41,Q2YN-W3AD-VSTA,1295208,71,2,23,1,73,7,04
2026-08-28 11:00:43,Q2YN-W3AD-VSTA,1295208,71,2,23,1,73,7,04
2026-08-28 11:01:44,Q2YN-W3AD-VSTA,1295208,71,2,23,1,73,7,04
2026-08-28 11:02:45,Q2YN-W3AD-VSTA,1295208,71,2,23,1,73,7,04
2026-08-28 11:03:47,Q2YN-W3AD-VSTA,1295208,71,2,23,1,72,7,04
2026-08-28 11:04:48,Q2YN-W3AD-VSTA,1295208,71,2,23,1,72,7,04
2026-08-28 11:05:50,Q2YN-W3AD-VSTA,1295208,71,2,23,1,72,7,04
2026-08-28 11:06:51,Q2YN-W3AD-VSTA,1295208,71,2,23,1,72,7,04
2026-08-28 11:07:53,Q2YN-W3AD-VSTA,1295208,67,55,23,1,72,7,04
2026-08-28 11:08:54,Q2YN-W3AD-VSTA,1295208,67,55,23,1,72,7,04
2026-08-28 11:09:56,Q2YN-W3AD-VSTA,1295208,67,55,23,1,72,7,04
2026-08-28 11:10:57,Q2YN-W3AD-VSTA,1295208,67,55,23,1,72,7,04
2026-08-28 11:11:59,Q2YN-W3AD-VSTA,1295208,67,55,23,1,72,7,04
2026-08-28 11:13:00,Q2YN-W3AD-VSTA,1295208,63,9,23,1,72,7,04
2026-08-28 11:14:02,Q2YN-W3AD-VSTA,1295208,63,9,23,1,72,7,04
2026-08-28 11:15:03,Q2YN-W3AD-VSTA,1295208,63,9,23,1,72,7,04
2026-08-28 11:16:05,Q2YN-W3AD-VSTA,1295208,63,9,23,1,72,7,04
2026-08-28 11:17:06,Q2YN-W3AD-VSTA,1295208,63,9,23,1,73,7,04
2026-08-28 11:18:07,Q2YN-W3AD-VSTA,1295208,63,9,23,1,73,7,04
2026-08-28 11:19:09,Q2YN-W3AD-VSTA,1295208,63,9,23,1,73,7,04
2026-08-28 11:20:10,Q2YN-W3AD-VSTA,1295208,63,9,23,1,73,7,04
2026-08-28 11:21:11,Q2YN-W3AD-VSTA,1295208,63,9,23,1,73,7,04
2026-08-28 11:22:12,Q2YN-W3AD-VSTA,1295208,63,9,23,1,73,7,04
2026-08-28 11:23:14,Q2YN-W3AD-VSTA,1295208,63,9,23,1,73,7,04
2026-08-28 11:24:15,Q2YN-W3AD-VSTA,1295208,63,9,23,1,73,7,04
2026-08-28 11:25:16,Q2YN-W3AD-VSTA,1295208,63,9,23,1,73,7,04
2026-08-28 11:26:18,Q2YN-W3AD-VSTA,1295208,63,9,23,1,73,7,04
2026-08-28 11:27:19,Q2YN-W3AD-VSTA,1295208,63,9,23,1,73,7,04
2026-08-28 11:28:21,Q2YN-W3AD-VSTA,1295208,64,95,23,1,73,7,04
2026-08-28 11:29:22,Q2YN-W3AD-VSTA,1295208,64,95,23,1,73,7,04
2026-08-28 11:30:24,Q2YN-W3AD-VSTA,1295208,64,95,23,1,73,7,04
2026-08-28 11:31:25,Q2YN-W3AD-VSTA,1295208,64,95,23,1,73,7,04
2026-08-28 11:32:26,Q2YN-W3AD-VSTA,1295208,66,0,23,1,73,7,04
2026-08-28 11:33:28,Q2YN-W3AD-VSTA,1295208,66,0,23,1,73,7,04
2026-08-28 11:34:29,Q2YN-W3AD-VSTA,1295208,66,0,23,1,73,7,04
2026-08-28 11:35:31,Q2YN-W3AD-VSTA,1295208,66,0,23,1,73,7,04
2026-08-28 11:36:32,Q2YN-W3AD-VSTA,1295208,66,0,23,1,73,7,04
2026-08-28 11:37:33,Q2YN-W3AD-VSTA,1295208,66,0,23,1,73,7,04
2026-08-28 11:38:34,Q2YN-W3AD-VSTA,1295208,66,0,23,1,73,7,04
2026-08-28 11:39:36,Q2YN-W3AD-VSTA,1295208,66,0,23,1,73,7,04
2026-08-28 11:40:37,Q2YN-W3AD-VSTA,1295208,66,0,23,1,73,7,04
2026-08-28 11:41:39,Q2YN-W3AD-VSTA,1295208,66,0,23,1,73,7,04
2026-08-28 11:42:40,Q2YN-W3AD-VSTA,1295208,66,0,23,1,73,7,04
2026-08-28 11:43:41,Q2YN-W3AD-VSTA,1295208,66,0,23,1,73,7,04
2026-08-28 11:44:43,Q2YN-W3AD-VSTA,1295208,66,0,23,1,73,7,04
2026-08-28 11:45:44,Q2YN-W3AD-VSTA,1295208,66,0,23,1,73,7,04
2026-08-28 11:46:45,Q2YN-W3AD-VSTA,1295208,66,0,23,1,73,7,04
2026-08-28 11:47:47,Q2YN-W3AD-VSTA,1295208,65,4,23,1,73,7,04
2026-08-28 11:48:48,Q2YN-W3AD-VSTA,1295208,65,4,23,1,73,7,04
2026-08-28 11:49:50,Q2YN-W3AD-VSTA,1295208,65,4,23,1,73,7,04
2026-08-28 11:50:51,Q2YN-W3AD-VSTA,1295208,65,4,23,1,73,7,04
2026-08-28 11:51:52,Q2YN-W3AD-VSTA,1295208,65,4,23,1,73,7,04
2026-08-28 11:52:54,Q2YN-W3AD-VSTA,1295208,64,8,23,1,73,7,04
2026-08-28 11:53:55,Q2YN-W3AD-VSTA,1295208,64,8,23,1,73,7,04
2026-08-28 11:54:56,Q2YN-W3AD-VSTA,1295208,64,8,23,1,73,7,04
2026-08-28 11:55:58,Q2YN-W3AD-VSTA,1295208,64,8,23,1,73,7,04
2026-08-28 11:56:59,Q2YN-W3AD-VSTA,1295208,64,8,23,1,73,7,04
2026-08-28 11:58:00,Q2YN-W3AD-VSTA,1295208,64,8,23,1,73,7,04
2026-08-28 11:59:02,Q2YN-W3AD-VSTA,1295208,64,8,23,1,73,7,04
2026-08-28 12:00:03,Q2YN-W3AD-VSTA,1295208,64,8,23,1,73,7,04
2026-08-28 12:01:05,Q2YN-W3AD-VSTA,1295208,64,8,23,1,73,7,04
2026-08-28 12:02:06,Q2YN-W3AD-VSTA,1295208,64,8,23,1,73,7,04
2026-08-28 12:03:08,Q2YN-W3AD-VSTA,1295208,64,8,23,1,73,7,04
2026-08-28 12:04:09,Q2YN-W3AD-VSTA,1295208,64,8,23,1,73,7,04
2026-08-28 12:05:11,Q2YN-W3AD-VSTA,1295208,64,8,23,1,73,7,04
2026-08-28 12:06:12,Q2YN-W3AD-VSTA,1295208,64,8,23,1,73,7,04
2026-08-28 12:07:14,Q2YN-W3AD-VSTA,1295208,64,8,23,1,73,7,04
2026-08-28 12:12:20,Q2YN-W3AD-VSTA,1295208,65,1,23,1,73,7,04
2026-08-28 12:13:22,Q2YN-W3AD-VSTA,1295208,65,1,23,1,73,7,04
2026-08-28 12:14:23,Q2YN-W3AD-VSTA,1295208,65,1,23,1,73,7,04
2026-08-28 12:15:24,Q2YN-W3AD-VSTA,1295208,65,1,23,1,73,7,04
2026-08-28 12:16:26,Q2YN-W3AD-VSTA,1295208,65,1,23,1,73,7,04
2026-08-28 12:17:28,Q2YN-W3AD-VSTA,1295208,65,1,23,1,73,7,04
2026-08-28 12:18:29,Q2YN-W3AD-VSTA,1295208,65,1,23,1,73,7,04
2026-08-28 12:19:30,Q2YN-W3AD-VSTA,1295208,65,1,23,1,73,7,04
2026-08-28 13:30:29,Q2YN-W3AD-VSTA,1295208,72,35,23,1,73,7,04
2026-08-28 13:31:30,Q2YN-W3AD-VSTA,1295208,72,35,23,1,73,7,04
2026-08-28 13:32:31,Q2YN-W3AD-VSTA,1295208,72,7,23,1,73,7,04
2026-08-28 13:33:33,Q2YN-W3AD-VSTA,1295208,72,7,23,1,73,7,04
2026-08-28 13:34:34,Q2YN-W3AD-VSTA,1295208,72,7,23,1,73,7,04
2026-08-28 13:35:36,Q2YN-W3AD-VSTA,1295208,72,7,23,1,73,7,04
2026-08-28 13:36:37,Q2YN-W3AD-VSTA,1295208,72,7,23,1,73,7,04
2026-08-28 13:37:39,Q2YN-W3AD-VSTA,1295208,72,7,23,1,73,7,04
2026-08-28 13:38:40,Q2YN-W3AD-VSTA,1295208,72,7,23,1,73,7,04
2026-08-28 13:39:42,Q2YN-W3AD-VSTA,1295208,72,7,23,1,73,7,04
2026-08-28 13:40:43,Q2YN-W3AD-VSTA,1295208,72,7,23,1,73,7,04
2026-08-28 13:41:44,Q2YN-W3AD-VSTA,1295208,72,7,23,1,73,7,04
2026-08-28 13:42:45,Q2YN-W3AD-VSTA,1295208,72,7,23,1,73,7,04
2026-08-28 13:43:47,Q2YN-W3AD-VSTA,1295208,72,7,23,1,73,7,04
2026-08-28 13:44:48,Q2YN-W3AD-VSTA,1295208,72,7,23,1,73,7,04
2026-08-28 13:45:49,Q2YN-W3AD-VSTA,1295208,72,7,23,1,73,7,04
2026-08-28 13:46:51,Q2YN-W3AD-VSTA,1295208,72,7,23,1,73,7,04
2026-08-28 13:47:52,Q2YN-W3AD-VSTA,1295208,72,15,23,1,73,7,04
2026-08-28 13:48:53,Q2YN-W3AD-VSTA,1295208,72,15,23,1,73,7,04
2026-08-28 13:49:55,Q2YN-W3AD-VSTA,1295208,72,15,23,1,73,7,04
2026-08-28 13:50:56,Q2YN-W3AD-VSTA,1295208,72,15,23,1,73,7,04
2026-08-28 13:51:58,Q2YN-W3AD-VSTA,1295208,72,15,23,1,73,7,04
2026-08-28 13:52:59,Q2YN-W3AD-VSTA,1295208,71,6,23,1,73,7,04
2026-08-28 13:54:00,Q2YN-W3AD-VSTA,1295208,71,6,23,1,73,7,04
2026-08-28 13:55:01,Q2YN-W3AD-VSTA,1295208,71,6,23,1,73,7,04
2026-08-28 13:56:03,Q2YN-W3AD-VSTA,1295208,71,6,23,1,73,7,04
2026-08-28 13:57:04,Q2YN-W3AD-VSTA,1295208,71,6,23,1,73,7,04
2026-08-28 13:58:05,Q2YN-W3AD-VSTA,1295208,71,6,23,1,73,7,04
2026-08-28 13:59:07,Q2YN-W3AD-VSTA,1295208,71,6,23,1,73,7,04
2026-08-28 14:00:08,Q2YN-W3AD-VSTA,1295208,71,6,23,1,73,7,04
2026-08-28 14:01:10,Q2YN-W3AD-VSTA,1295208,71,6,23,1,73,7,04
2026-08-28 14:02:11,Q2YN-W3AD-VSTA,1295208,71,6,23,1,73,7,04
2026-08-28 14:03:12,Q2YN-W3AD-VSTA,1295208,71,6,23,1,73,7,04
2026-08-28 14:04:13,Q2YN-W3AD-VSTA,1295208,71,6,23,1,73,7,04
2026-08-28 14:05:15,Q2YN-W3AD-VSTA,1295208,71,6,23,1,73,7,04
2026-08-28 14:06:16,Q2YN-W3AD-VSTA,1295208,71,6,23,1,73,7,04
2026-08-28 14:07:18,Q2YN-W3AD-VSTA,1295208,71,6,23,1,73,7,04
2026-08-28 14:08:19,Q2YN-W3AD-VSTA,1295208,74,05,23,1,73,7,04
2026-08-28 14:09:20,Q2YN-W3AD-VSTA,1295208,74,05,23,1,73,7,04
2026-08-28 14:10:22,Q2YN-W3AD-VSTA,1295208,74,05,23,1,73,7,04
2026-08-28 14:11:23,Q2YN-W3AD-VSTA,1295208,74,05,23,1,73,7,04
2026-08-28 14:12:24,Q2YN-W3AD-VSTA,1295208,76,5,23,1,73,7,04
2026-08-28 14:13:26,Q2YN-W3AD-VSTA,1295208,76,5,23,1,73,7,04
2026-08-28 14:14:27,Q2YN-W3AD-VSTA,1295208,76,5,23,1,73,7,04
2026-08-28 14:15:28,Q2YN-W3AD-VSTA,1295208,76,5,23,1,73,7,04
2026-08-28 14:16:29,Q2YN-W3AD-VSTA,1295208,76,5,23,1,73,7,04
2026-08-28 14:17:31,Q2YN-W3AD-VSTA,1295208,76,5,23,1,73,7,04
2026-08-28 14:18:34,Q2YN-W3AD-VSTA,1295208,76,5,23,1,73,7,04
2026-08-28 14:19:36,Q2YN-W3AD-VSTA,1295208,76,5,23,1,73,7,04
2026-08-28 14:20:37,Q2YN-W3AD-VSTA,1295208,76,5,23,1,73,7,04
2026-08-28 14:21:39,Q2YN-W3AD-VSTA,1295208,76,5,23,1,72,7,04
2026-08-28 14:22:40,Q2YN-W3AD-VSTA,1295208,76,5,23,1,72,7,04
2026-08-28 14:23:42,Q2YN-W3AD-VSTA,1295208,76,5,23,1,72,7,04
2026-08-28 14:24:43,Q2YN-W3AD-VSTA,1295208,76,5,23,1,72,7,04
2026-08-28 14:25:44,Q2YN-W3AD-VSTA,1295208,76,5,23,1,72,7,04
2026-08-28 14:26:47,Q2YN-W3AD-VSTA,1295208,76,5,23,1,72,7,04
2026-08-28 14:27:48,Q2YN-W3AD-VSTA,1295208,75,15,23,1,72,7,04
2026-08-28 14:28:49,Q2YN-W3AD-VSTA,1295208,75,15,23,1,72,7,04
2026-08-28 14:29:51,Q2YN-W3AD-VSTA,1295208,75,15,23,1,72,7,04
2026-08-28 14:30:52,Q2YN-W3AD-VSTA,1295208,75,15,23,1,72,7,04
2026-08-28 14:31:53,Q2YN-W3AD-VSTA,1295208,75,15,23,1,72,7,04
2026-08-28 14:32:55,Q2YN-W3AD-VSTA,1295208,73,8,23,1,72,7,04
2026-08-28 14:33:56,Q2YN-W3AD-VSTA,1295208,73,8,23,1,72,7,04
2026-08-28 14:34:58,Q2YN-W3AD-VSTA,1295208,73,8,23,1,72,7,04
2026-08-28 14:35:59,Q2YN-W3AD-VSTA,1295208,73,8,23,1,72,7,04
2026-08-28 14:37:00,Q2YN-W3AD-VSTA,1295208,73,8,23,1,72,7,04
2026-08-28 14:38:01,Q2YN-W3AD-VSTA,1295208,73,8,23,1,72,7,04
2026-08-28 14:39:03,Q2YN-W3AD-VSTA,1295208,73,8,23,1,72,7,04
2026-08-28 14:40:04,Q2YN-W3AD-VSTA,1295208,73,8,23,1,72,7,04
2026-08-28 14:41:06,Q2YN-W3AD-VSTA,1295208,73,8,23,1,72,7,04
2026-08-28 14:42:07,Q2YN-W3AD-VSTA,1295208,73,8,23,1,72,7,04
2026-08-28 14:43:08,Q2YN-W3AD-VSTA,1295208,73,8,23,1,72,7,04
2026-08-28 14:44:10,Q2YN-W3AD-VSTA,1295208,73,8,23,1,72,7,04
2026-08-28 14:45:12,Q2YN-W3AD-VSTA,1295208,73,8,23,1,72,7,04
2026-08-28 14:46:13,Q2YN-W3AD-VSTA,1295208,73,8,23,1,72,7,04
2026-08-28 14:47:14,Q2YN-W3AD-VSTA,1295208,73,8,23,1,72,7,04
2026-08-28 14:48:15,Q2YN-W3AD-VSTA,1295208,70,55,23,1,72,7,04
2026-08-28 14:49:16,Q2YN-W3AD-VSTA,1295208,70,55,23,1,72,7,04
2026-08-28 14:50:17,Q2YN-W3AD-VSTA,1295208,70,55,23,1,72,7,04
2026-08-28 14:51:19,Q2YN-W3AD-VSTA,1295208,70,55,23,1,72,7,04
2026-08-28 14:52:20,Q2YN-W3AD-VSTA,1295208,67,3,23,1,72,7,04
2026-08-28 14:53:21,Q2YN-W3AD-VSTA,1295208,67,3,23,1,72,7,04
2026-08-28 14:54:23,Q2YN-W3AD-VSTA,1295208,67,3,23,1,73,7,04
2026-08-28 14:55:24,Q2YN-W3AD-VSTA,1295208,67,3,23,1,73,7,04
2026-08-28 14:56:26,Q2YN-W3AD-VSTA,1295208,67,3,23,1,73,7,04
2026-08-28 14:57:27,Q2YN-W3AD-VSTA,1295208,67,3,23,1,73,7,04
2026-08-28 14:58:28,Q2YN-W3AD-VSTA,1295208,67,3,23,1,73,7,04
2026-08-28 14:59:30,Q2YN-W3AD-VSTA,1295208,67,3,23,1,73,7,04
2026-08-28 15:00:31,Q2YN-W3AD-VSTA,1295208,67,3,23,1,73,7,04
2026-08-28 15:01:33,Q2YN-W3AD-VSTA,1295208,67,3,23,1,73,7,04
2026-08-28 15:29:55,Q2YN-W3AD-VSTA,1295208,65,9,23,1,71,7,04
2026-08-28 15:30:57,Q2YN-W3AD-VSTA,1295208,65,9,23,1,71,7,04
2026-08-28 15:31:58,Q2YN-W3AD-VSTA,1295208,65,9,23,1,71,7,04
2026-08-28 15:33:00,Q2YN-W3AD-VSTA,1295208,64,8,23,1,71,7,04
2026-08-28 15:34:01,Q2YN-W3AD-VSTA,1295208,64,8,23,1,71,7,04
2026-08-28 15:35:02,Q2YN-W3AD-VSTA,1295208,64,8,23,1,71,7,04
2026-08-28 15:36:04,Q2YN-W3AD-VSTA,1295208,64,8,23,1,71,7,04
2026-08-28 15:37:05,Q2YN-W3AD-VSTA,1295208,64,8,23,1,71,7,04
2026-08-28 15:38:06,Q2YN-W3AD-VSTA,1295208,64,8,23,1,71,7,04
2026-08-28 15:39:08,Q2YN-W3AD-VSTA,1295208,64,8,23,1,71,7,04
2026-08-28 15:40:09,Q2YN-W3AD-VSTA,1295208,64,8,23,1,71,7,04
2026-08-28 15:41:10,Q2YN-W3AD-VSTA,1295208,64,8,23,1,71,7,04
2026-08-28 15:42:12,Q2YN-W3AD-VSTA,1295208,64,8,23,1,71,7,04
2026-08-28 15:43:14,Q2YN-W3AD-VSTA,1295208,64,8,23,1,71,7,04
2026-08-28 15:44:15,Q2YN-W3AD-VSTA,1295208,64,8,23,1,71,7,04
2026-08-28 15:45:17,Q2YN-W3AD-VSTA,1295208,64,8,23,1,71,7,04
2026-08-28 15:46:18,Q2YN-W3AD-VSTA,1295208,64,8,23,1,71,7,04
2026-08-28 15:47:20,Q2YN-W3AD-VSTA,1295208,64,8,23,1,71,7,04
2026-08-28 15:48:21,Q2YN-W3AD-VSTA,1295208,66,5,23,1,71,7,04
2026-08-28 15:49:23,Q2YN-W3AD-VSTA,1295208,66,5,23,1,71,7,04
2026-08-28 15:50:24,Q2YN-W3AD-VSTA,1295208,66,5,23,1,71,7,04
2026-08-28 15:51:25,Q2YN-W3AD-VSTA,1295208,66,5,23,1,71,7,04
2026-08-28 15:52:27,Q2YN-W3AD-VSTA,1295208,68,2,23,1,71,7,04
2026-08-28 15:53:28,Q2YN-W3AD-VSTA,1295208,68,2,23,1,71,7,04
2026-08-28 15:54:29,Q2YN-W3AD-VSTA,1295208,68,2,23,1,7,7,04
2026-08-28 15:55:31,Q2YN-W3AD-VSTA,1295208,68,2,23,1,7,7,04
2026-08-28 15:56:32,Q2YN-W3AD-VSTA,1295208,68,2,23,1,7,7,04
2026-08-28 15:57:34,Q2YN-W3AD-VSTA,1295208,68,2,23,1,7,7,04
2026-08-28 15:58:35,Q2YN-W3AD-VSTA,1295208,68,2,23,1,7,7,04
2026-08-28 15:59:36,Q2YN-W3AD-VSTA,1295208,68,2,23,1,7,7,04
2026-08-28 16:00:38,Q2YN-W3AD-VSTA,1295208,68,2,23,1,7,7,04
2026-08-28 16:01:39,Q2YN-W3AD-VSTA,1295208,68,2,23,1,7,7,04
2026-08-28 16:02:41,Q2YN-W3AD-VSTA,1295208,68,2,23,1,7,7,04
2026-08-28 16:03:42,Q2YN-W3AD-VSTA,1295208,68,2,23,1,7,7,04
2026-08-28 16:04:44,Q2YN-W3AD-VSTA,1295208,68,2,23,1,7,7,04
2026-08-28 16:05:45,Q2YN-W3AD-VSTA,1295208,68,2,23,1,7,7,04
2026-08-28 16:06:46,Q2YN-W3AD-VSTA,1295208,68,2,23,1,7,7,04
2026-08-28 16:07:47,Q2YN-W3AD-VSTA,1295208,65,6,23,1,7,7,04
2026-08-28 16:08:49,Q2YN-W3AD-VSTA,1295208,65,6,23,1,7,7,04
2026-08-28 16:09:50,Q2YN-W3AD-VSTA,1295208,65,6,23,1,7,7,04
2026-08-28 16:10:52,Q2YN-W3AD-VSTA,1295208,65,6,23,1,7,7,04
2026-08-28 16:11:53,Q2YN-W3AD-VSTA,1295208,65,6,23,1,7,7,04
2026-08-28 16:12:55,Q2YN-W3AD-VSTA,1295208,63,0,23,1,7,7,04
2026-08-28 16:13:56,Q2YN-W3AD-VSTA,1295208,63,0,23,1,7,7,04
2026-08-28 16:14:58,Q2YN-W3AD-VSTA,1295208,63,0,23,1,7,7,04
2026-08-28 16:15:59,Q2YN-W3AD-VSTA,1295208,63,0,23,1,7,7,04
2026-08-28 16:17:00,Q2YN-W3AD-VSTA,1295208,63,0,23,1,7,7,04
2026-08-28 16:18:02,Q2YN-W3AD-VSTA,1295208,63,0,23,1,7,7,04
2026-08-28 16:19:03,Q2YN-W3AD-VSTA,1295208,63,0,23,1,7,7,04
2026-08-28 16:20:04,Q2YN-W3AD-VSTA,1295208,63,0,23,1,7,7,04
2026-08-28 16:21:05,Q2YN-W3AD-VSTA,1295208,63,0,23,1,7,7,04
2026-08-28 16:22:07,Q2YN-W3AD-VSTA,1295208,63,0,23,1,7,7,04
2026-08-28 16:23:08,Q2YN-W3AD-VSTA,1295208,63,0,23,1,7,7,04
2026-08-28 16:24:09,Q2YN-W3AD-VSTA,1295208,63,0,23,1,7,7,04
2026-08-28 16:25:11,Q2YN-W3AD-VSTA,1295208,63,0,23,1,7,7,04
2026-08-28 16:26:12,Q2YN-W3AD-VSTA,1295208,63,0,23,1,7,7,04
2026-08-28 16:27:13,Q2YN-W3AD-VSTA,1295208,63,0,23,1,7,7,04
2026-08-28 16:28:14,Q2YN-W3AD-VSTA,1295208,60,95,23,1,7,7,04
2026-08-28 16:29:16,Q2YN-W3AD-VSTA,1295208,60,95,23,1,7,7,04
2026-08-28 16:30:17,Q2YN-W3AD-VSTA,1295208,60,95,23,1,7,7,04
2026-08-28 16:31:19,Q2YN-W3AD-VSTA,1295208,60,95,23,1,7,7,04
2026-08-28 16:32:20,Q2YN-W3AD-VSTA,1295208,58,9,23,1,7,7,04
2026-08-28 16:33:22,Q2YN-W3AD-VSTA,1295208,58,9,23,1,7,7,04
2026-08-28 16:34:23,Q2YN-W3AD-VSTA,1295208,58,9,23,1,7,7,04
2026-08-28 16:35:24,Q2YN-W3AD-VSTA,1295208,58,9,23,1,7,7,04
2026-08-28 16:36:25,Q2YN-W3AD-VSTA,1295208,58,9,23,1,7,7,04
2026-08-28 16:37:27,Q2YN-W3AD-VSTA,1295208,58,9,23,1,7,7,04
2026-08-28 16:38:28,Q2YN-W3AD-VSTA,1295208,58,9,23,1,7,7,04
2026-08-28 16:39:30,Q2YN-W3AD-VSTA,1295208,58,9,23,1,7,7,04
2026-08-28 16:40:31,Q2YN-W3AD-VSTA,1295208,58,9,23,1,7,7,04
2026-08-28 16:56:40,Q2YN-W3AD-VSTA,1295208,57,0,23,1,7,7,04
2026-08-28 16:57:41,Q2YN-W3AD-VSTA,1295208,57,0,23,1,7,7,04
2026-08-28 16:58:43,Q2YN-W3AD-VSTA,1295208,57,0,23,1,7,7,04
2026-08-28 16:59:44,Q2YN-W3AD-VSTA,1295208,57,0,23,1,7,7,04
2026-08-28 17:00:45,Q2YN-W3AD-VSTA,1295208,57,0,23,1,7,7,04
2026-08-28 17:01:47,Q2YN-W3AD-VSTA,1295208,57,0,23,1,7,7,04
2026-08-28 17:02:49,Q2YN-W3AD-VSTA,1295208,57,0,23,1,7,7,04
2026-08-28 17:03:50,Q2YN-W3AD-VSTA,1295208,57,0,23,1,69,7,04
2026-08-28 17:04:51,Q2YN-W3AD-VSTA,1295208,57,0,23,1,69,7,04
2026-08-28 17:05:53,Q2YN-W3AD-VSTA,1295208,57,0,23,1,69,7,04
2026-08-28 17:06:54,Q2YN-W3AD-VSTA,1295208,57,0,23,1,69,7,04
2026-08-28 17:07:56,Q2YN-W3AD-VSTA,1295208,54,95,23,1,69,7,04
2026-08-28 17:08:57,Q2YN-W3AD-VSTA,1295208,54,95,23,1,69,7,04
2026-08-28 17:09:59,Q2YN-W3AD-VSTA,1295208,54,95,23,1,69,7,04
2026-08-28 17:11:00,Q2BN-WXAD-VITA,1295208,54,95,23,1,7,7,04
2026-08-28 17:12:01,Q2YN-W3AD-VSTA,1295208,54,95,23,1,7,7,04
2026-08-28 17:13:02,Q2YN-W3AD-VSTA,1295208,52,9,23,1,7,7,04
2026-08-28 17:14:03,Q2YN-W3AD-VSTA,1295208,52,9,23,1,7,7,04
2026-08-28 17:15:04,Q2YN-W3AD-VSTA,1295208,52,9,23,1,7,7,04
2026-08-28 17:16:06,Q2YN-W3AD-VSTA,1295208,52,9,23,1,7,7,04
2026-08-31 09:01:42,Q2YN-W3AD-VSTA,1295208,73,3,23,1,75,7,04
2026-08-31 09:02:45,Q2YN-W3AD-VSTA,1295208,73,3,23,1,75,7,04
2026-08-31 09:03:51,Q2YN-W3AD-VSTA,1295208,73,3,23,1,75,7,04
2026-08-31 09:04:53,Q2YN-W3AD-VSTA,1295208,73,3,23,1,75,7,04
2026-08-31 09:05:55,Q2YN-W3AD-VSTA,1295208,73,3,23,1,75,7,04
2026-08-31 09:06:57,Q2YN-W3AD-VSTA,1295208,73,3,23,1,75,7,04
2026-08-31 09:07:58,Q2YN-W3AD-VSTA,1295208,76,05,23,1,75,7,04
2026-08-31 09:09:00,Q2YN-W3AD-VSTA,1295208,76,05,23,1,75,7,04
2026-08-31 09:10:01,Q2YN-W3AD-VSTA,1295208,76,05,23,1,75,7,04
